{
  "population": 100000,
  "seed": 2944957927,
  "workforce": {
    "m": 30450,
    "f": 29226,
    "t": 59676
  },
  "zones": {
    "C": {
      "L": 18376.430999999997,
      "M": 17592.135,
      "H": 16058.644199999999
    },
    "S": {
      "L": 4559.496,
      "M": 4559.496,
      "H": 7858.08
    },
    "R": {
      "L": 3581.7840000000006,
      "M": 3581.7840000000006,
      "H": 3581.7840000000006
    },
    "I": {
      "L": 8979.8442,
      "M": 10028.780400000001,
      "H": 9311.844000000001
    }
  },
  "occupations": {
    "Management, except farm managers": {
      "m": 1622.985,
      "f": 946.9224000000002
    },
    "Business operations specialists": {
      "m": 292.32,
      "f": 330.25379999999996
    },
    "Financial specialists": {
      "m": 307.545,
      "f": 344.8668
    },
    "Computer & mathematical": {
      "m": 520.695,
      "f": 213.34980000000002
    },
    "Architects, surveyors, cartographers, & engineers": {
      "m": 398.89500000000004,
      "f": 49.684200000000004
    },
    "Drafters, engineering, & mapping technicians": {
      "m": 140.07,
      "f": 29.226
    },
    "Life, physical, & social science": {
      "m": 167.47500000000002,
      "f": 111.0588
    },
    "Community & social services": {
      "m": 185.745,
      "f": 263.03400000000005
    },
    "Legal": {
      "m": 176.60999999999999,
      "f": 149.0526
    },
    "Education, training, & library": {
      "m": 453.705,
      "f": 1218.7242
    },
    "Arts, design, entertainment, sports, & media": {
      "m": 304.5,
      "f": 265.95660000000004
    },
    "Health diagnosing, treating practitioners, & technical operations": {
      "m": 283.185,
      "f": 660.5075999999999
    },
    "Health technologists & technicians": {
      "m": 85.26000000000002,
      "f": 330.25379999999996
    },
    "Healthcare support": {
      "m": 73.08,
      "f": 514.3776
    },
    "Fire fighting, prevention & law enforcement, including supervisors": {
      "m": 304.5,
      "f": 52.6068
    },
    "Other protective service workers, including supervisors": {
      "m": 173.56499999999997,
      "f": 61.374599999999994
    },
    "Food preparation & serving related occupations": {
      "m": 624.2249999999999,
      "f": 809.5602000000001
    },
    "Building & grounds cleaning & maintenance": {
      "m": 602.9100000000001,
      "f": 379.93800000000005
    },
    "Sales & related occupations": {
      "m": 1729.56,
      "f": 1627.8882
    },
    "Office & administrative support": {
      "m": 1169.28,
      "f": 3390.216
    },
    "Farming, fishing, & forestry occupations": {
      "m": 331.90500000000003,
      "f": 84.7554
    },
    "Supervisors, construction & extraction": {
      "m": 207.06,
      "f": 5.8452
    },
    "Construction trades": {
      "m": 1391.565,
      "f": 40.9164
    },
    "Extraction": {
      "m": 27.404999999999998,
      "f": 0.0
    },
    "Installation, maintenance, & repair": {
      "m": 1141.875,
      "f": 55.5294
    },
    "Production": {
      "m": 1744.785,
      "f": 803.715
    },
    "Supervisors, transportation & material moving": {
      "m": 45.675000000000004,
      "f": 8.7678
    },
    "Aircraft & traffic control": {
      "m": 33.495000000000005,
      "f": 2.9226
    },
    "Motor vehicle operators": {
      "m": 797.7900000000001,
      "f": 102.29099999999998
    },
    "Rail, water & other transportation": {
      "m": 82.215,
      "f": 11.6904
    },
    "Material moving": {
      "m": 615.09,
      "f": 154.8978
    }
  },
  "histogram": [
    {
      "m": 4215,
      "f": 3845
    },
    {
      "m": 4169,
      "f": 4151
    },
    {
      "m": 4334,
      "f": 4012
    },
    {
      "m": 4270,
      "f": 4152
    },
    {
      "m": 4190,
      "f": 3939
    },
    {
      "m": 4182,
      "f": 3703
    },
    {
      "m": 3834,
      "f": 3508
    },
    {
      "m": 3615,
      "f": 3417
    },
    {
      "m": 3217,
      "f": 3036
    },
    {
      "m": 2798,
      "f": 2748
    },
    {
      "m": 2343,
      "f": 2503
    },
    {
      "m": 2001,
      "f": 2220
    },
    {
      "m": 1827,
      "f": 1859
    },
    {
      "m": 1430,
      "f": 1635
    },
    {
      "m": 1140,
      "f": 1349
    },
    {
      "m": 859,
      "f": 1123
    },
    {
      "m": 696,
      "f": 850
    },
    {
      "m": 484,
      "f": 652
    },
    {
      "m": 379,
      "f": 595
    },
    {
      "m": 304,
      "f": 416
    }
  ]
}